Generation,Individual,theta_5_c,pr_scbc,theta_w_c,pr_orc,Fitness,ThermalEfficiency,ExergyEfficiency,Cost
1,1,578.3628,3.3726,117.2706,3.5486,0.515380,0.429900,0.643600,N/A
1,2,541.4487,2.5459,110.2694,3.0725,0.494620,0.407900,0.624700,N/A
